S.No,Link
1,"https://youtu.be/PxZDoc52bts?si=W-FhDY8n4F62gz3x"
2,"https://youtu.be/6c2Ab4zWnNg?si=NVnNqV-agK5F-fW_"
3,"https://youtu.be/lCAhiiS8cCk?si=S0lE3xWymI_Z1LA7"
4,"https://youtu.be/1Z7Oy3EDErA?si=7glM3odrSwI6EejT"
5,"https://youtu.be/D2q2pOvrxr0?si=ycAa6qfcbR4em38h"
6,"https://youtu.be/SVHa5AFbwxE?si=nR5lsr1UEA2X6ibR"
7,"https://youtu.be/Q7vJZAYoFPk?si=KqZR7aajxGR7nPAJ"
8,"https://youtu.be/ZEzO2KoJq2A?si=v9s-yV4JKJIiwUkl"
9,"https://youtu.be/yEGURItSrAo?si=bo1ZEwNO8FwnL4sw"
10,"https://youtu.be/9cz4ikFcwMY?si=NChsCLBuVpvN1NVk"
11,"https://youtu.be/uPsUjKLHLAg?si=VaD2LDSMTjaflFJX"
12,"https://youtu.be/P52IF-xZbjE?si=ubsF7gRV0I0R7UwR"
13,"https://youtu.be/3bJ7RChxMWQ?si=UYWf-3hwtjURvRt1"
14,"https://youtu.be/uMzUB89uSxU?si=qSusFb3bV5k5mOIf"
15,"https://youtu.be/Vejt_RC0pHY?si=4P8gWvznYN7rtYji"
16,"https://youtu.be/UEHdYNXiIUU?si=Tt1J_M_NjhSnP2R3"
17,"https://youtu.be/Xrgk023l4lI?si=E75Xn7HpZQYeFxFb"
18,"https://youtu.be/nYKpik-o8zI?si=yC40XEPfNbct2pLO"
19,"https://youtu.be/5iEHsRja8u0?si=h3q-GB_YhZKkGoLR"
20,"https://youtu.be/hmZn6pWbSG4?si=2Mh-LvbQh8uDGNkE"