skill_id,skill_name,category,description,proficiency_levels
S001,AI/ML,Technical,Application of artificial intelligence and machine learning techniques to analyse data and support decision-making.,"1,2,3"
S002,Communication,Behavioural-Managerial,Ability to convey information clearly and effectively in written and verbal form across audiences.,"1,2,3"
S003,Digital Public Infrastructure,Digital Governance,Understanding of shared digital platforms and systems that enable public service delivery at scale.,"1,2,3"
S004,Cybersecurity,Digital Governance,Knowledge of practices and tools used to protect government systems and data from cyber threats.,"1,2,3"
S005,Data Visualization,Technical,"Skill in presenting data visually through charts,dashboards,and graphics to support interpretation.","1,2,3"
S006,Digital Signatures,Digital Governance,Understanding of electronic signature systems used to authenticate and secure official documents.,"1,2,3"
S007,Price Statistics,Statistical,Knowledge of methods used to measure and analyse price movements and inflation indicators.,"1,2,3"
S008,Leadership,Behavioural-Managerial,"Ability to guide,motivate,and direct teams towards achieving organisational goals.","1,2,3"
S009,Government Cloud,Digital Governance,Familiarity with cloud infrastructure and services used for hosting government applications and data.,"1,2,3"
S010,Decision Making,Behavioural-Managerial,Ability to evaluate information and choose effective courses of action under uncertainty.,"1,2,3"
S011,Project Management,Behavioural-Managerial,"Skill in planning,executing,and monitoring projects to meet defined objectives and timelines.","1,2,3"
S012,Change Management,Behavioural-Managerial,Ability to plan and guide individuals and teams through organisational transitions effectively.,"1,2,3"
S013,Ethics,Behavioural-Managerial,"Understanding of principles guiding integrity,accountability,and conduct in public service.","1,2,3"
S014,Cloud Computing,Technical,"Knowledge of cloud-based computing resources,storage,and services used for scalable IT solutions.","1,2,3"
S015,Sampling,Statistical,Knowledge of techniques used to select representative subsets of data for statistical analysis.,"1,2,3"
S016,Time Management,Behavioural-Managerial,"Ability to prioritise tasks,manage schedules,and meet deadlines effectively in a work environment.","1,2,3"
