employee_id,name,role_id,designation,department,current_assignment,educational_qualifications,work_experience_years,previous_trainings,self_rated_skills,quiz_verified_skills,registered_at,recommended_courses
E806,Parth Raj Jaiswal,R016,Deputy Director General,NSO (NAD),Analysing recent data releases and drafting a brief for NEC Secretariat leadership,M.Sc. Operations Research,8,,S009:1,,2026-09-08T22:41:05+00:00,"C119,C512,C684,C116,C137"
E807,Anuj Agarwal,R039,Deputy Commissioner,O/o Registrar General of India (RGI),Analysing recent data releases and drafting a brief for MPLADS leadership,PGDM,5,C010,S010:1;S009:1,S008:2,2026-09-08T22:43:10+00:00,"C234,C282,C063,C107,C137"
E808,Exx1,R050,Deputy Passport Officer,Regional Passport Offices,Analysing recent data releases and drafting a brief for Municipal Corporation of Delhi (MCD) leadership,MBA (Public Policy),12,"C017,C007",S004:2;S005:1;S009:2;S012:1,,2026-09-09T00:45:32+00:00,"C013,C097,C226,C509,C544"
E809,Exx2,R039,Deputy Commissioner,O/o Registrar General of India (RGI),Analysing recent data releases and drafting a brief for NITI Aayog (DMEO) leadership,PGDM,4,,S001:3;S006:1;S007:1;S008:1;S012:1;S013:2,,2026-09-09T00:48:54+00:00,"C063,C107,C137,C319,C415"
E810,Exx3,R059,Assistant Director (Probationer),NSO (RAU),Analysing recent data releases and drafting a brief for Municipal Corporation of Delhi (MCD) leadership,PGDM,5,,S004:2;S005:3;S009:1;S010:1;S014:2,,2026-09-09T01:23:21+00:00,"C132,C286,C411,C509,C532"
E811,Exx1,R040,Deputy Commissioner,Municipal Corporation of Delhi (MCD),Analysing recent data releases and drafting a brief for NSO (FOD) leadership,Ph.D. Data Science,5,,S002:3;S005:2;S006:2;S010:2,,2026-09-09T01:35:09+00:00,"C234,C282,C179,C209,C518"
E812,Priyanshi Tamta,R050,Deputy Passport Officer,Regional Passport Offices,Analysing recent data releases and drafting a brief for Municipal Corporation of Delhi (MCD) leadership,B.Tech + M.Tech (IT),3,,S001:1;S002:1;S003:2;S004:2;S007:3;S008:1;S009:2;S010:1;S011:2;S013:1;S014:2;S015:1;S016:3,,2026-09-09T04:05:59+00:00,"C097,C509,C636,C316,C487"
E813,Priyanshi Tamta,R060,Assistant Director (Probationer),NSSTA,Analysing recent data releases and drafting a brief for Central Information Commission leadership,M.Sc. Applied Statistics,3,,S001:2;S002:2;S003:1;S004:2;S005:1;S006:3;S007:1;S008:1;S009:1;S010:1;S011:1;S012:2;S013:1;S014:1;S015:1;S016:1,,2026-09-09T04:13:32+00:00,"C146,C473,C132,C210,C498"
E814,Priyanshi tamta,R057,Assistant Director,NSO (DIID),Analysing recent data releases and drafting a brief for Central Information Commission leadership,M.A. Statistics,3,,S001:3;S005:1;S008:2,,2026-09-21T13:45:15+00:00,"C146,C210,C247,C286,C473"
E815,priyanshi tamta,R011,Additional Director General,General Administration Division,Analysing recent data releases and drafting a brief for AI & Big Data Unit leadership,B.Tech + M.Tech (IT),3,,S008:1;S015:1,,2026-09-21T13:49:27+00:00,"C271,C417,C527,C002,C005"
E816,priyanshi tamta,R048,Deputy Director (Admn),General Administration Division,Analysing recent data releases and drafting a brief for Coconut Development Board leadership,B.Tech + M.Tech (IT),3,,S008:2,,2026-09-21T14:54:13+00:00,"C063,C427,C518,C727,C013"
E817,Priya,R011,Additional Director General,General Administration Division,Statistics & Surveys,,,,,S012:1;S001:1;S009:1,2026-09-29T00:16:32+00:00,C271
E818,Priyanshi1,R057,Assistant Director,NSO (DIID),Statistics & Surveys,,,,,S007:2;S005:2;S015:2,2026-09-29T00:23:08+00:00,C407
E819,Vanshika,R010,Additional Director General,AI & Big Data Unit,"IT, Cloud & Cybersecurity",,,,,,2026-09-29T01:19:50+00:00,C271
E820,Vanshi,R011,Additional Director General,General Administration Division,Economic & Price Statistics,,,,,,2026-09-29T03:28:32+00:00,C271
